date,sales_amount,units_sold,customer_count,product_category,region,discount_applied,customer_satisfaction
2023-01-01,23390.28796332723,152,71,Home,West,False,3.5186697946341887
2023-01-02,87458.3774616513,485,91,Food,West,True,3.389247673409744
2023-01-03,81075.88060242689,398,98,Home,North,False,3.1152951643980495
2023-01-04,58452.8397374733,320,69,Electronics,West,False,3.6848959576694265
2023-01-05,36314.756459086384,156,52,Home,Central,True,3.5404953842615665
2023-01-06,21435.669281418875,121,85,Clothing,South,True,4.932834771732814
2023-01-07,58672.99356330032,238,77,Books,East,False,4.115417652500088
2023-01-08,13700.8561312961,70,14,Food,Central,False,3.694554078061015
2023-01-09,35598.75074018211,152,46,Books,Central,False,4.160935201987392
2023-01-10,28973.89858131233,171,81,Home,West,False,3.278393402691391
2023-01-11,50459.74309349631,264,40,Food,North,False,3.888087498404406
2023-01-12,83581.46400915337,380,18,Home,South,False,4.2524686428421274
2023-01-13,22445.43736612388,137,60,Clothing,North,False,3.977795663584903
2023-01-14,68901.85681865334,422,38,Electronics,South,False,3.8035576013086487
2023-01-15,36796.09932000097,149,87,Food,South,True,4.987696777799396
2023-01-16,90576.93976096004,409,49,Clothing,North,False,4.760629524297854
2023-01-17,30975.457087034305,201,50,Clothing,Central,False,4.24681191631888
2023-01-18,34178.7762260063,180,95,Food,South,False,4.138754722364565
2023-01-19,38477.06267785677,199,20,Home,North,False,4.241320959649168
2023-01-20,80336.72661936832,358,32,Clothing,South,False,3.4026242156448667
2023-01-21,53751.4181895425,307,10,Books,East,True,3.790275486528637
2023-01-22,66194.31340122284,393,55,Clothing,Central,False,3.0789190657817986
2023-01-23,73194.41835437625,463,30,Home,West,False,3.951092074973653
2023-01-24,66141.18649044569,343,99,Home,South,True,4.086049167915326
2023-01-25,95199.74568329344,435,45,Books,East,True,3.4554994722064194
2023-01-26,37552.46565175349,241,63,Clothing,West,False,4.928057694331027
2023-01-27,119070.03677198548,493,96,Home,West,True,4.818909221874484
2023-01-28,63320.682689234,326,66,Food,South,False,4.444286470911812
2023-01-29,36535.53454230547,210,10,Electronics,North,True,4.066773257530725
2023-01-30,57857.600429950886,363,72,Electronics,South,False,4.73993831929537
2023-01-31,11948.348579461883,71,63,Electronics,East,True,3.261304687646926
2023-02-01,73525.34271965924,302,64,Clothing,West,False,4.58101958854977
2023-02-02,60940.711924535484,285,49,Books,South,False,3.2496416279336966
2023-02-03,79457.83254260672,394,24,Home,North,False,4.58842132509881
2023-02-04,21139.691019301634,98,30,Food,South,True,3.551535136502714
2023-02-05,20905.267305721223,108,56,Food,Central,False,4.754181162036378
2023-02-06,48837.861032703826,219,82,Clothing,North,False,4.888084187650795
2023-02-07,36680.87222629208,237,62,Electronics,East,False,3.297591938810231
2023-02-08,66113.19073581044,320,18,Clothing,West,True,3.925351210130787
2023-02-09,39641.65009865553,239,83,Books,South,True,4.96197475632537
2023-02-10,80198.15006637928,495,61,Books,North,False,3.9668148719462932
2023-02-11,41258.10453444739,224,66,Home,Central,False,4.72709504502909
2023-02-12,78794.05375776537,495,35,Home,North,False,4.177463044262639
2023-02-13,15941.569882685602,100,50,Books,Central,False,3.750659815839204
2023-02-14,74811.36967786045,413,44,Books,East,False,3.57156711105174
2023-02-15,25786.909497663688,104,72,Books,West,True,3.4064461821721745
2023-02-16,49087.17690775762,293,34,Clothing,East,False,4.523596382755395
2023-02-17,55983.24465759159,369,99,Books,South,True,3.7730810136460557
2023-02-18,40740.5596140704,180,84,Food,North,False,4.022550924401502
2023-02-19,82126.10198300774,356,47,Electronics,Central,False,3.984650960002364
2023-02-20,33971.99950804497,184,11,Books,Central,False,4.154558058466263
2023-02-21,13752.71669057728,70,16,Electronics,North,True,4.731154291249105
2023-02-22,81261.44520389645,378,91,Clothing,North,True,4.961478687166859
2023-02-23,33438.07276265593,216,43,Electronics,South,True,3.8151684171476337
2023-02-24,79107.40713040177,323,26,Clothing,East,True,4.655037844212606
2023-02-25,104297.93292492468,437,52,Food,Central,True,4.5290555893094355
2023-02-26,24300.332002115654,138,68,Clothing,South,False,4.147057902911147
2023-02-27,55308.615720599046,365,60,Clothing,East,True,4.912094287223866
2023-02-28,15330.648740900742,63,63,Home,South,True,3.400949031056806
2023-03-01,58230.260621934045,291,33,Books,Central,False,3.2185284206192426
2023-03-02,64036.45187976196,314,34,Books,North,False,4.707923933910845
2023-03-03,86266.56889122658,395,80,Food,North,False,3.8782996332674964
2023-03-04,21581.681876777122,102,61,Food,East,True,4.693937708414121
2023-03-05,106309.28479839294,435,79,Books,West,False,4.78618041039083
2023-03-06,95081.38712816901,389,97,Home,East,True,3.124915187238143
2023-03-07,33377.50496312555,141,42,Books,West,True,4.766929525972121
2023-03-08,88874.38965375407,416,58,Home,South,False,3.896638110738844
2023-03-09,113436.80022784231,493,38,Food,South,True,4.020864978008465
2023-03-10,103850.92993166823,477,72,Electronics,Central,False,4.25318502218642
2023-03-11,64896.38840433151,313,31,Food,West,False,4.852765213460174
2023-03-12,78168.01695522768,480,35,Food,Central,False,3.038232188859528
2023-03-13,19414.115084582423,84,37,Clothing,North,False,3.953686936635634
2023-03-14,59176.30663147086,255,94,Clothing,West,True,4.375444084861122
2023-03-15,27637.21571132045,130,58,Clothing,East,False,4.445413915396457
2023-03-16,108828.01897287248,469,80,Clothing,North,False,4.385064863074216
2023-03-17,21299.6992413921,99,90,Home,North,False,3.2688702588162437
2023-03-18,69803.39031895889,409,93,Books,East,False,3.5987911767433625
2023-03-19,77522.10126393355,437,58,Electronics,North,True,3.717431050834027
2023-03-20,8744.404510512708,51,29,Food,West,False,4.6088744153590095
2023-03-21,82411.67375370814,439,95,Home,Central,True,3.557519744829106
2023-03-22,15851.320262795405,103,72,Electronics,North,False,3.4214099277344063
2023-03-23,32832.93520723734,155,70,Home,West,False,4.914896038076193
2023-03-24,56749.52524006165,309,58,Home,South,True,3.017726570226938
2023-03-25,77390.44261016864,359,80,Food,West,False,4.995641711363956
2023-03-26,45249.51890317356,240,10,Books,Central,True,4.353642597714791
2023-03-27,98390.77647067282,451,22,Clothing,West,False,4.656938598898234
2023-03-28,49144.676004695204,267,96,Books,East,False,3.5892387926923863
2023-03-29,16374.4591125939,93,60,Food,Central,False,3.0286305553341197
2023-03-30,42116.39028559087,211,65,Food,South,False,4.47573903712306
2023-03-31,55041.54800316768,251,92,Food,East,False,4.668289194001352
2023-04-01,91492.66192043327,495,71,Electronics,West,True,4.480952263907039
2023-04-02,77729.07604419706,319,41,Books,Central,True,3.285700574601677
2023-04-03,61567.45306702585,400,39,Books,South,True,4.506855844513938
2023-04-04,67703.49491955993,353,38,Home,East,True,4.5378455642152815
2023-04-05,78962.57764864792,320,58,Home,South,False,4.31708103134011
2023-04-06,54066.4577177495,264,54,Home,West,False,4.532231865591172
2023-04-07,57896.47536347437,301,39,Food,South,False,4.691842879355464
2023-04-08,49437.634781624,239,25,Books,North,True,4.227208228474916
2023-04-09,71619.39784640392,345,49,Food,East,False,3.177209427939358
2023-04-10,58469.17118885057,262,28,Electronics,South,False,3.9752556193344217
2023-04-11,41831.62604615737,257,27,Home,West,True,3.1552986693432103
2023-04-12,50050.4704475806,286,10,Food,West,False,3.8150860620648617
2023-04-13,80517.0532777093,387,87,Food,South,False,3.8142129782512555
2023-04-14,98472.05085992443,416,56,Electronics,West,True,3.132019688280483
2023-04-15,21031.04025986649,102,75,Clothing,Central,False,3.6976410679389584
2023-04-16,57199.83668710219,329,47,Books,Central,False,3.2219961975826297
2023-04-17,100054.87539742127,459,60,Clothing,Central,True,4.6164704200184445
2023-04-18,59581.57302790016,266,72,Home,North,False,4.895376051928942
2023-04-19,52320.90818735978,301,13,Food,South,False,3.144632950515877
2023-04-20,44502.17460237819,237,10,Electronics,North,False,4.910230414583403
2023-04-21,87272.64861446117,429,17,Electronics,West,False,4.04515319867349
2023-04-22,17969.0507161477,90,38,Books,North,False,3.5991313559077476
2023-04-23,38926.13257611559,206,64,Clothing,West,False,3.153724150552327
2023-04-24,11504.86511685959,64,12,Books,West,False,4.001248536140835
2023-04-25,55999.47105066522,350,41,Food,East,True,4.589031088981497
2023-04-26,17709.732382920003,114,19,Books,Central,False,4.414172954533396
2023-04-27,96866.53497719801,394,83,Electronics,West,False,3.1004520229279473
2023-04-28,88252.58221799418,376,92,Electronics,East,False,3.1458036707358072
2023-04-29,10758.45010468378,58,43,Home,Central,True,3.805746565265274
2023-04-30,96552.27478546974,393,96,Home,West,False,3.5905809880958865
2023-05-01,38746.5042987526,178,64,Food,West,True,3.4647686461120957
2023-05-02,36676.637568388884,185,41,Clothing,North,True,3.5620089978174274
2023-05-03,22321.887367044215,112,59,Books,North,True,4.6069654865937695
2023-05-04,29765.74693047088,188,16,Food,Central,False,4.858456107263708
2023-05-05,20692.153914360253,130,17,Home,West,False,3.810205389055133
2023-05-06,92717.64483223936,441,74,Books,South,False,4.812222004264994
2023-05-07,43538.50470973098,212,66,Home,North,True,3.642991402495764
2023-05-08,80155.66548713391,468,76,Books,Central,False,3.9528739726875832
2023-05-09,82681.37554940114,338,97,Clothing,West,False,3.4520579956319994
2023-05-10,97639.47096016747,428,96,Food,West,False,4.2809520843516875
2023-05-11,50017.40266254089,310,68,Books,South,True,4.957962230349618
2023-05-12,68066.01495924419,280,81,Electronics,Central,False,4.206986192086758
2023-05-13,22268.233876809692,90,63,Electronics,West,False,3.7156281682270977
2023-05-14,19218.670563633535,77,76,Books,North,False,4.295634891981057
2023-05-15,28628.02924606324,184,60,Books,South,True,3.245841356930775
2023-05-16,55925.88891977522,250,17,Books,Central,True,4.777318160530797
2023-05-17,77131.02453522009,377,43,Electronics,South,False,4.006167901559673
2023-05-18,69924.85803895463,317,44,Electronics,North,False,3.898699484079284
2023-05-19,115286.0457835921,467,97,Books,Central,False,4.171729576907039
2023-05-20,17941.84608343532,82,87,Home,South,False,4.249567725578805
2023-05-21,22668.549580102524,97,41,Home,East,True,3.143551612453026
2023-05-22,107929.21296217437,456,55,Clothing,North,False,4.365234442446805
2023-05-23,25957.136477780237,111,25,Food,North,False,3.483863360631059
2023-05-24,51041.42408874394,265,77,Home,North,False,4.427905265013179
2023-05-25,58912.11348092924,342,46,Electronics,East,False,4.6450695887683935
2023-05-26,28070.44370892293,148,63,Home,East,False,4.60791701510504
2023-05-27,52860.921683966764,221,94,Clothing,West,True,4.105001934815778
2023-05-28,67346.13720720384,409,23,Clothing,South,False,4.040339784621502
2023-05-29,52950.47823660994,263,64,Food,West,True,3.2857519226788234
2023-05-30,14559.115808366032,84,57,Home,South,False,4.550692300806271
2023-05-31,103649.00977789376,498,91,Electronics,East,False,3.5428187608934287
2023-06-01,65222.62320689651,276,16,Electronics,East,False,3.993390845635893
2023-06-02,35705.39952957625,150,83,Books,West,False,3.5685481858550334
2023-06-03,83360.88929673978,480,16,Electronics,Central,False,3.2676567259993865
2023-06-04,43338.48671427383,180,42,Food,West,False,4.259115393783473
2023-06-05,64011.7954079313,306,32,Food,South,False,3.1086640696458074
2023-06-06,9991.178532181693,54,94,Electronics,West,True,4.4972904682524
2023-06-07,58958.43792207143,267,28,Electronics,North,False,3.6351735905222333
2023-06-08,60242.676434109104,304,28,Books,South,False,3.000269386008971
2023-06-09,83946.04527846478,447,45,Electronics,South,False,4.022258278474459
2023-06-10,89967.44206330374,408,38,Books,Central,False,3.0937038170552063
2023-06-11,58057.641927085555,332,69,Books,East,False,3.552339115641799
2023-06-12,80897.16178264415,442,91,Electronics,South,True,4.413952974911433
2023-06-13,49521.96721889975,256,11,Clothing,East,False,3.1253792432437315
2023-06-14,11223.565912788088,64,10,Clothing,West,True,4.678676984712005
2023-06-15,75255.48242786598,395,56,Books,North,True,3.007639845317166
2023-06-16,18850.404529365594,91,78,Electronics,Central,True,3.4936477384038045
2023-06-17,96137.77863306766,429,29,Clothing,East,False,4.481808112304143
2023-06-18,51692.04265087544,228,20,Electronics,South,False,3.6325402994586136
2023-06-19,26015.251941018963,112,11,Electronics,East,True,3.203784776132027
2023-06-20,89992.88744342625,401,76,Electronics,South,False,3.7204678376008555
2023-06-21,61069.10395871345,280,96,Home,East,False,3.540786572769051
2023-06-22,50387.68766748163,290,21,Electronics,South,True,4.685423804321109
2023-06-23,19192.251218007452,101,29,Home,West,False,3.6266958351702865
2023-06-24,28676.8659177633,145,14,Books,South,False,4.577864943552014
2023-06-25,69172.35075799958,437,46,Clothing,South,False,4.7837442896214695
2023-06-26,54968.830287154364,271,47,Clothing,North,False,3.867634839153059
2023-06-27,88296.91392125895,456,18,Clothing,South,False,4.819886287708784
2023-06-28,64459.05897274856,280,62,Clothing,North,False,3.7546361079263857
2023-06-29,70867.95912637215,286,53,Clothing,Central,False,4.928156832980216
2023-06-30,39475.29674193762,192,95,Clothing,North,False,3.178579049051146
2023-07-01,40099.10054210684,220,33,Clothing,West,True,4.374038533006486
2023-07-02,12038.526109725748,78,90,Books,North,False,3.9876280809138573
2023-07-03,20609.468306900566,85,83,Electronics,Central,False,3.775297610911294
2023-07-04,14998.517434727688,62,39,Food,West,True,4.265423757497202
2023-07-05,36637.494510975135,209,68,Home,East,True,4.407714183268663
2023-07-06,82547.45822880995,376,96,Food,East,False,3.008726539300618
2023-07-07,37180.25531131856,236,90,Food,North,False,3.3339061774943977
2023-07-08,48653.49061175018,292,90,Electronics,North,False,4.426092101268638
2023-07-09,23176.92293891763,135,23,Electronics,Central,False,4.332770827156413
2023-07-10,59756.64842975301,333,18,Electronics,Central,True,4.932095010257354
2023-07-11,28702.06081283776,115,49,Clothing,South,False,4.522075580501566
2023-07-12,48112.658723417546,219,75,Books,Central,True,4.901545415462676
2023-07-13,17711.497214964667,94,34,Clothing,South,False,4.405081003069614
2023-07-14,24831.817834857513,111,82,Books,West,False,3.5961044172788865
2023-07-15,118347.4627417862,490,31,Books,North,False,3.2107298445017127
2023-07-16,44994.254055563586,183,13,Food,West,False,4.563647726689871
2023-07-17,51876.86779533166,333,35,Food,Central,False,4.288298442951832
2023-07-18,14587.8178492826,77,67,Books,West,False,3.0963720247865925
2023-07-19,25226.070235193387,157,38,Books,West,False,3.720100931801957
2023-07-20,17071.638602611758,93,96,Clothing,West,False,4.913599630968572
2023-07-21,64950.5482615375,389,46,Clothing,Central,False,4.000802291420403
2023-07-22,71919.42011590225,335,84,Food,West,False,3.865458272039409
2023-07-23,93469.28500749866,495,79,Electronics,South,False,3.915399210318588
2023-07-24,65717.00033678809,380,27,Books,Central,False,3.4177654480103277
2023-07-25,31257.10127186703,177,94,Clothing,West,True,3.7374143417295906
2023-07-26,73855.70027964914,397,51,Food,Central,False,3.739626511974353
2023-07-27,49278.59615991936,280,50,Clothing,East,False,3.104710040374945
2023-07-28,46682.45623920906,239,47,Books,South,True,4.5351352570358365
2023-07-29,41985.45706040443,274,43,Books,West,True,3.833008863807758
2023-07-30,77241.73621113224,434,26,Home,East,True,4.644359773632846
2023-07-31,81417.40630915514,426,46,Electronics,East,False,4.700696002239791
2023-08-01,69812.3584831735,332,34,Home,Central,False,3.423988109397316
2023-08-02,87662.40330449893,495,85,Food,East,False,4.314706964340257
2023-08-03,27764.147128803743,170,96,Clothing,South,False,3.9445636083259634
2023-08-04,26007.306263386192,165,95,Food,South,False,4.76031347584297
2023-08-05,68822.99752521781,282,94,Books,North,False,3.431481358352908
2023-08-06,59032.48297834516,308,36,Home,South,False,4.355626400620088
2023-08-07,84911.43494417772,408,66,Home,East,False,4.215504244505445
2023-08-08,59753.66083033832,247,40,Home,South,False,3.5906029551436656
2023-08-09,72806.42732162408,460,15,Food,Central,False,3.2732018073023452
2023-08-10,44205.903638219745,186,49,Books,North,True,4.303279520954553
2023-08-11,75293.27492236737,367,21,Clothing,East,False,4.477194916264661
2023-08-12,35627.45318833182,214,62,Clothing,North,False,3.6312546875266998
2023-08-13,52368.39019443911,274,80,Food,East,False,4.289665208044628
2023-08-14,81082.64130097404,356,19,Home,Central,True,3.7902618152230065
2023-08-15,56044.473316817835,283,54,Electronics,North,True,4.426413766565235
2023-08-16,54924.821719707645,221,26,Food,West,False,3.398430549788106
2023-08-17,37722.45329575261,201,35,Food,East,True,4.780430005272349
2023-08-18,81884.65011912903,364,94,Books,West,False,3.5748191929311597
2023-08-19,80073.45369180574,423,71,Clothing,North,True,3.735571975512306
2023-08-20,48679.53221276615,209,55,Food,West,False,3.1161839041606996
2023-08-21,30001.68130290334,145,73,Food,West,False,3.223024424642553
2023-08-22,44091.03359443804,282,11,Home,North,False,4.031723805424656
2023-08-23,35193.2207688642,229,63,Home,Central,False,3.535185353455943
2023-08-24,26468.404324570256,162,74,Electronics,West,True,4.6709604514843885
2023-08-25,55551.76110915081,367,60,Books,West,True,3.0293867773099077
2023-08-26,77350.1298633059,491,62,Electronics,Central,False,3.758188097343872
2023-08-27,22136.315411406013,101,45,Home,West,False,3.6746910935381853
2023-08-28,64488.77691843398,317,35,Clothing,West,False,3.038655261835202
2023-08-29,77396.92978176703,344,38,Home,West,False,3.2487367980010204
2023-08-30,104972.71022320745,435,30,Books,South,False,3.8272853498372705
2023-08-31,90912.51960939057,436,20,Home,Central,False,3.9857291688948933
2023-09-01,36063.157673963935,162,49,Books,West,False,3.808579494509738
2023-09-02,33856.21803063684,150,20,Books,Central,True,4.061875356824188
2023-09-03,30421.17889826774,162,45,Books,East,False,4.190263349811363
2023-09-04,85139.04830091899,489,68,Books,East,False,3.0198476422556713
2023-09-05,22165.589270584824,130,48,Books,West,False,3.9281903189070078
2023-09-06,41334.04157247845,236,63,Clothing,Central,True,4.926998481775176
2023-09-07,28750.65511181972,162,64,Electronics,Central,False,4.038064560259097
2023-09-08,8706.861009941089,51,33,Food,Central,False,4.355084534917906
2023-09-09,42570.149947877544,179,31,Electronics,South,False,3.623727715833766
2023-09-10,60713.27665543295,269,78,Books,East,False,4.547982756305525
2023-09-11,15933.033618249567,103,65,Clothing,Central,False,4.54584296375223
2023-09-12,69331.96129539204,392,42,Home,Central,False,4.042592095308278
2023-09-13,41555.643457427235,273,45,Clothing,South,True,4.952027646558427
2023-09-14,54749.726114097466,274,29,Books,South,False,3.251100429525307
2023-09-15,85767.54424064321,434,92,Clothing,Central,True,3.033895329779162
2023-09-16,105377.99135082506,452,90,Clothing,North,False,4.5403164235141915
2023-09-17,31636.101695993362,175,71,Books,Central,False,4.614311074729765
2023-09-18,41463.304660313814,179,82,Clothing,Central,True,3.2404144582411525
2023-09-19,25173.332407486196,102,35,Food,South,False,3.531165665917212
2023-09-20,35103.82173638079,221,75,Food,South,True,3.035104726733258
2023-09-21,61191.5363138392,267,82,Clothing,Central,False,3.5866172215611294
2023-09-22,43680.07825017659,209,82,Home,Central,False,4.546283747837343
2023-09-23,48907.135385356334,247,49,Books,Central,False,4.035921055425158
2023-09-24,89304.913707926,465,26,Food,South,True,3.696191186336576
2023-09-25,67626.18061275156,296,10,Home,Central,False,3.7434785898126606
2023-09-26,79798.17861513923,373,98,Clothing,Central,False,3.0027072514309365
2023-09-27,112486.17977494487,488,70,Home,West,False,3.5996010551304716
2023-09-28,60559.40667865098,252,52,Electronics,North,False,4.292917483275861
2023-09-29,49332.2444918669,233,51,Food,East,True,4.9483888876327145
2023-09-30,42663.9588715889,172,34,Clothing,North,False,4.694121653967799
2023-10-01,94863.95322938483,450,48,Books,West,True,3.0471899292910583
2023-10-02,64953.98737731739,304,44,Clothing,East,False,4.797121209349679
2023-10-03,70480.17537299833,343,12,Books,Central,False,4.566396826597252
2023-10-04,52343.968795588764,329,53,Clothing,West,True,4.560752247141961
2023-10-05,83267.24902111854,374,60,Home,Central,True,3.915991518007143
2023-10-06,86197.4895204526,421,21,Home,South,True,3.7960105859090056
2023-10-07,28678.383577016735,147,28,Home,West,False,3.605831457666385
2023-10-08,59538.64057656084,247,53,Electronics,South,False,3.1313897179087316
2023-10-09,79829.3996484626,444,68,Books,West,False,3.456470726987398
2023-10-10,58482.10577683382,289,58,Home,West,True,3.4932072699560495
2023-10-11,42414.48811982384,193,70,Electronics,South,True,3.9681541394204034
2023-10-12,33528.487924838606,146,26,Books,East,False,4.494888813193388
2023-10-13,48983.67019865431,250,83,Clothing,North,True,3.947619656795893
2023-10-14,40518.181479823674,173,66,Electronics,Central,False,3.115688898894321
2023-10-15,53546.45869504338,236,64,Food,West,False,4.9155796019764075
2023-10-16,58733.84916944496,375,56,Electronics,Central,False,4.885448638188224
2023-10-17,61525.2784029044,398,21,Electronics,South,False,4.570379086296817
2023-10-18,65320.81508020042,308,71,Books,Central,False,4.982655803128441
2023-10-19,36394.04414204066,197,89,Clothing,South,True,4.088964665600526
2023-10-20,51444.836811463276,301,97,Food,Central,True,4.925536700506412
2023-10-21,102318.77677600953,492,92,Home,North,True,3.1512100812335015
2023-10-22,86369.31457041195,469,17,Home,North,False,3.7313614965227426
2023-10-23,92084.30643547597,452,30,Electronics,North,True,3.4507625360135314
2023-10-24,77424.70677985108,395,90,Books,North,False,3.3916661682685403
2023-10-25,40861.415676603414,196,96,Books,North,False,3.281605897785352
2023-10-26,37435.919631532546,197,89,Home,North,False,4.244827283131993
2023-10-27,88126.46970524697,401,79,Food,South,False,4.56264371149461
2023-10-28,41665.668354262605,248,81,Clothing,West,True,4.156596798840721
2023-10-29,78415.10234430672,357,34,Food,Central,False,3.2939254191764196
2023-10-30,89083.41258906081,466,91,Clothing,North,False,4.622247539866942
2023-10-31,112305.22270961392,473,98,Home,South,True,4.271909414327457
2023-11-01,35669.67817109654,177,21,Clothing,South,True,3.776331412253991
2023-11-02,21763.37107357692,88,24,Books,South,False,4.348260591072126
2023-11-03,81344.89980743515,387,68,Electronics,West,False,3.5198099584856655
2023-11-04,70505.4267955685,409,35,Electronics,Central,False,3.690384416988421
2023-11-05,41327.873335831195,178,35,Home,West,False,4.83497168626398
2023-11-06,58304.61103918742,316,56,Books,East,False,3.5810090113428408
2023-11-07,90533.3415096515,490,41,Food,South,False,3.939976536315873
2023-11-08,73986.16611573347,483,19,Books,East,False,4.780282274792029
2023-11-09,40974.306184148176,200,25,Electronics,North,False,4.4154427005350545
2023-11-10,94397.25057318907,464,80,Electronics,North,False,3.1244064523294055
2023-11-11,64402.904504237915,347,26,Books,West,False,3.2946060885579405
2023-11-12,35434.415490859705,148,32,Books,Central,False,3.0156831815438334
2023-11-13,50816.95002694889,312,35,Electronics,East,False,4.261843580458327
2023-11-14,55085.995350635676,301,94,Food,Central,False,3.895346850820837
2023-11-15,35156.54735832456,193,95,Home,West,False,3.268549701804551
2023-11-16,62895.478156035475,395,16,Home,North,False,4.915868242113541
2023-11-17,31896.440844306322,161,23,Books,Central,False,4.05931944789124
2023-11-18,23846.853416347305,109,88,Home,Central,False,3.4837865882257786
2023-11-19,84087.26316627553,418,16,Electronics,North,True,4.001207142309415
2023-11-20,8450.586181852588,51,18,Electronics,East,False,4.359240665470216
2023-11-21,81474.21089150595,434,57,Books,North,True,3.152478435947129
2023-11-22,53041.60436074272,353,81,Books,Central,False,3.549407630095784
2023-11-23,71759.52354317828,303,68,Books,East,False,4.613930981767988
2023-11-24,29947.371445164885,189,96,Food,East,False,3.9193297408053223
2023-11-25,18036.591507396704,86,91,Home,North,False,4.09315428406459
2023-11-26,51962.77121361644,209,48,Books,Central,False,3.8656320044189387
2023-11-27,11812.22574672653,58,27,Clothing,West,False,3.0877998852860102
2023-11-28,68357.97760682962,282,68,Clothing,Central,False,3.331499559640312
2023-11-29,25694.524690137587,148,26,Electronics,South,False,3.891083277483782
2023-11-30,44295.126015176684,196,23,Home,West,True,3.418370930815856
2023-12-01,71703.68111526575,353,40,Books,East,True,3.0999580573193573
2023-12-02,57067.26277776065,257,33,Clothing,West,False,4.687299328103648
2023-12-03,28122.144525202344,180,69,Home,East,False,4.962385058328231
2023-12-04,74642.58086335206,453,54,Electronics,East,True,4.586285747993479
2023-12-05,32825.65026460831,201,12,Food,West,True,4.707569843409334
2023-12-06,22527.80470565431,103,46,Home,East,True,3.483954260634091
2023-12-07,39621.04736750833,169,52,Home,East,False,4.921253951026399
2023-12-08,47241.94087218034,210,49,Food,South,False,3.3938514089068565
2023-12-09,69942.57737992526,457,99,Home,Central,False,4.902859620723665
2023-12-10,39059.04718773293,165,64,Electronics,Central,True,4.989638587931902
2023-12-11,22991.418717834757,124,96,Electronics,South,False,4.423445611492097
2023-12-12,30734.05408656614,162,48,Food,West,True,4.962287463583644
2023-12-13,75268.36391037336,469,24,Books,North,True,4.139079559134207
2023-12-14,105381.78520701888,471,13,Clothing,North,False,3.5190835663521804
2023-12-15,25738.943340682155,153,95,Books,North,True,3.8739917713312417
2023-12-16,80288.24207953273,389,34,Home,South,True,4.187121870757572
2023-12-17,70923.5125721013,303,22,Clothing,South,True,3.1461631240540298
2023-12-18,43862.03947245275,276,91,Food,East,True,4.244686529234492
2023-12-19,32768.90258064993,161,42,Food,North,True,4.9623556735245895
2023-12-20,25651.602890937058,148,25,Clothing,West,False,3.380215299567455
2023-12-21,37227.122658420856,202,51,Electronics,West,False,4.585190232576767
2023-12-22,78564.00366893614,398,75,Clothing,North,False,4.8157975875592385
2023-12-23,83665.20407789663,451,64,Home,North,False,4.887403185640442
2023-12-24,93044.02898462524,433,51,Electronics,North,True,4.920271208810894
2023-12-25,82152.65722280138,415,43,Food,South,False,4.042919277442944
2023-12-26,80658.52005843836,387,39,Clothing,South,False,4.954615815983008
2023-12-27,54354.786152096385,243,22,Books,South,True,4.514620414268878
2023-12-28,73872.9473476207,359,22,Books,Central,False,3.3233428724739236
2023-12-29,44234.551214808096,212,27,Home,West,True,3.95380021293594
2023-12-30,53056.58454283188,257,41,Books,West,False,4.436662350744008
2023-12-31,92811.3677219937,494,48,Clothing,East,False,3.4946806316381664
2024-01-01,40056.34097840781,218,55,Clothing,South,False,4.281230367097775
2024-01-02,50392.595340045256,210,38,Books,Central,False,4.333200958093238
2024-01-03,24658.3961008348,117,71,Clothing,Central,False,3.3253994876171316
2024-01-04,58959.136654705326,338,71,Home,West,False,4.130170624905513
2024-01-05,89321.67209384762,447,66,Electronics,South,True,4.543253821957215
2024-01-06,59669.3604897578,326,25,Home,East,True,3.997791329071884
2024-01-07,85909.32137872357,353,65,Home,South,False,3.024206233552215
2024-01-08,68291.30664997359,453,19,Clothing,North,False,3.0180769381585844
2024-01-09,74706.91014095246,433,39,Electronics,South,False,3.7140586879400246
2024-01-10,82262.23574762595,441,34,Clothing,North,False,4.8523881368635635
2024-01-11,36575.70033488078,184,93,Food,North,False,3.4573535592072178
2024-01-12,57359.94743520196,244,14,Clothing,East,False,4.2687273777433745
2024-01-13,71454.94310430647,450,74,Clothing,West,False,3.444151741386641
2024-01-14,40813.80849531824,177,58,Clothing,South,False,3.643339979319097
2024-01-15,12756.358612727197,82,12,Electronics,North,False,4.696084179202968
2024-01-16,52702.06579420909,225,54,Clothing,South,False,4.457722884539894
2024-01-17,76340.46551142602,492,23,Electronics,West,True,3.1907985546264213
2024-01-18,63766.18421999116,420,39,Books,West,False,3.8574040419728672
2024-01-19,93151.16600433628,424,77,Food,Central,True,3.0583395272905287
2024-01-20,17730.5142968556,71,27,Electronics,West,True,3.9617802932060178
2024-01-21,68782.7145473544,287,71,Books,East,True,4.324868023402136
2024-01-22,42973.16724857716,207,46,Electronics,North,False,3.2370052471963033
2024-01-23,21031.341833844126,87,34,Electronics,Central,False,3.5777698778183313
2024-01-24,41997.87017849319,279,57,Food,East,True,3.795673251004314
2024-01-25,102467.78054592891,414,74,Home,South,False,4.8390620493120995
2024-01-26,19907.487792587843,100,62,Home,North,False,4.986510030845928
2024-01-27,108255.03990548047,487,88,Electronics,West,False,3.0898225979912315
2024-01-28,72642.96410969994,313,82,Clothing,North,True,4.522015846990784
2024-01-29,73652.78139177358,332,24,Books,South,False,3.7434481328046862
2024-01-30,15466.279163541321,76,58,Clothing,Central,False,3.78491637245896
2024-01-31,54357.03581347633,275,97,Clothing,Central,True,4.508529946694045
2024-02-01,76237.79141370558,326,77,Electronics,Central,True,4.836852864290817
2024-02-02,57120.09826500688,335,21,Electronics,West,False,4.901857189005097
2024-02-03,36032.71337096182,146,68,Electronics,East,False,4.154245172076641
2024-02-04,73624.71754526372,333,46,Electronics,East,False,3.7142423186010056
2024-02-05,70699.4881772741,416,70,Home,North,False,4.575098171717558
2024-02-06,111141.48502981487,497,52,Electronics,West,False,3.5020027665246003
2024-02-07,74292.14484842887,366,79,Home,Central,False,4.128148057667035
2024-02-08,77915.22237624889,353,48,Home,Central,True,3.717156923049746
2024-02-09,44448.47822827964,196,65,Electronics,South,False,4.313262147415752
2024-02-10,8412.63795182528,53,72,Food,South,False,3.480797825787014
2024-02-11,16851.273233418517,84,55,Books,Central,False,3.3831858914696515
2024-02-12,58611.545648392115,241,97,Clothing,Central,False,4.836478173350875
2024-02-13,17842.29348316324,98,20,Home,West,False,3.2036073658990736
2024-02-14,13819.628443882133,66,71,Books,East,True,4.011915815469863
2024-02-15,41309.9936413687,221,86,Food,South,False,3.441705565926018
2024-02-16,52569.80845269378,269,34,Clothing,East,True,3.077859926651335
2024-02-17,42406.084541319775,207,80,Clothing,West,False,3.072037636582853
2024-02-18,19464.758808945284,95,61,Home,Central,True,3.3504435442116547
2024-02-19,71813.02551033595,422,13,Electronics,East,True,4.733540709012001
2024-02-20,12015.143513339082,55,68,Food,Central,False,3.5649574879540533
2024-02-21,23500.44804639132,148,81,Home,Central,True,4.900918341150591
2024-02-22,70305.58278066268,429,29,Food,North,False,4.163244585978387
2024-02-23,42376.4473634841,282,72,Electronics,East,False,3.873228379537532
2024-02-24,13903.58615161846,86,63,Electronics,East,True,4.160177669338909
2024-02-25,64917.168014607254,329,83,Home,Central,True,4.033396770452535
2024-02-26,83822.85486602238,398,66,Electronics,West,False,4.51755250751465
2024-02-27,80529.55969382283,351,99,Books,North,False,3.5649921319457043
2024-02-28,36954.08275260903,230,50,Clothing,Central,False,3.706100783200605
2024-02-29,33850.475424236945,144,12,Home,South,False,4.788188605066502
2024-03-01,33240.42297812103,148,15,Food,South,False,4.8929130263008105
2024-03-02,45231.88354258123,237,14,Books,North,False,4.785116454972949
2024-03-03,40143.478107149254,165,14,Home,West,False,3.8388959879146274
2024-03-04,59782.307434977374,240,63,Electronics,Central,False,4.560731006013763
2024-03-05,51491.05466360776,302,56,Electronics,East,True,3.9526714666021974
2024-03-06,87384.12920081672,465,96,Electronics,North,False,3.9950797042922046
2024-03-07,50955.43789538393,210,58,Electronics,West,False,3.4093602181145677
2024-03-08,67758.69479791395,305,18,Food,East,False,4.182260606517033
2024-03-09,57589.120755464064,372,29,Books,South,False,3.3722717955066956
2024-03-10,40382.80632700004,177,70,Clothing,South,False,3.6631293981343873
2024-03-11,15597.203944089195,67,44,Food,East,False,4.71006040323987
2024-03-12,74266.56351725534,330,59,Food,North,False,3.4141516184217107
2024-03-13,62547.409961010824,272,91,Clothing,South,False,3.142316570346866
2024-03-14,23948.866569935813,103,71,Clothing,Central,False,3.1380151852256324
2024-03-15,18044.533358633144,107,26,Electronics,East,False,4.881569041006216
2024-03-16,64567.732953618,372,97,Food,East,False,4.01384087592367
2024-03-17,87270.72525615525,409,12,Home,South,False,3.8188241436340364
2024-03-18,53695.41470931411,223,41,Clothing,North,False,4.621757162015837
2024-03-19,59752.86755755468,329,22,Clothing,Central,False,4.6716518558210325
2024-03-20,34039.398815459426,163,98,Books,North,False,3.664382066231209
2024-03-21,73566.49553715736,337,82,Home,West,True,4.387236114947591
2024-03-22,93693.53286235388,480,77,Home,West,False,4.542245631703773
2024-03-23,86558.89398484325,391,23,Clothing,South,True,4.309301373731909
2024-03-24,47993.34890584346,200,20,Electronics,South,False,3.3031901496001987
2024-03-25,105992.6670546737,499,65,Books,South,False,4.7517661670341145
2024-03-26,35900.14668969754,176,76,Home,West,True,4.078189105472017
2024-03-27,39550.39137792212,204,38,Clothing,North,True,3.564944852740007
2024-03-28,90370.65278441647,435,18,Home,North,False,3.8504563708753876
2024-03-29,59742.67094855235,322,76,Books,South,False,3.0751421807978145
2024-03-30,28939.67628608298,153,34,Books,Central,False,3.255733602444835
2024-03-31,94684.5585534689,466,85,Food,North,True,4.531093501031721
2024-04-01,69244.5647676741,442,51,Clothing,West,False,3.0000232695107325
2024-04-02,60170.08360418291,348,18,Books,East,False,3.8331316569645844
2024-04-03,60264.054663095565,295,88,Food,East,False,4.045020362171177
2024-04-04,43459.38322056996,225,49,Food,East,False,3.1092688400019446
2024-04-05,16128.778916029862,88,34,Home,Central,False,4.946156325944665
2024-04-06,48849.02609612371,219,14,Home,South,True,3.4522506624993436
2024-04-07,64934.04117913882,296,20,Food,West,False,3.6083974392725615
2024-04-08,12500.480699950374,75,68,Home,Central,False,3.607885024510055
2024-04-09,96096.6162610869,404,97,Books,West,False,3.4608333242346996
2024-04-10,70837.53873734077,355,88,Electronics,West,True,3.0029476441726226
2024-04-11,102658.90973016829,458,47,Books,South,False,4.458689588175993
2024-04-12,94742.99381106265,457,81,Food,East,True,4.9336909995985705
2024-04-13,15485.69421872783,62,14,Food,South,False,3.4485869665700903
2024-04-14,82212.71388141702,365,57,Books,Central,False,4.326094383606845
2024-04-15,97107.14029471221,440,99,Home,Central,False,4.48379265391743
2024-04-16,82484.30419363719,362,27,Home,Central,True,4.69685075818105
2024-04-17,13966.58787716199,85,79,Food,South,True,3.8452583940272183
2024-04-18,37840.889968362084,222,46,Clothing,West,False,3.6058618112808585
2024-04-19,15277.042167342937,69,69,Home,West,True,3.650590268046062
2024-04-20,73777.31502384192,370,57,Books,North,True,4.425242666197025
2024-04-21,70570.08463522165,313,86,Home,Central,False,4.6335589330112725
2024-04-22,71970.9297804121,449,37,Books,West,False,3.3632279355132053
2024-04-23,38896.793813355755,191,78,Food,North,True,3.7418820163155306
2024-04-24,78910.50575339046,420,86,Home,West,False,4.8038803934983
2024-04-25,37574.404210208224,192,90,Books,Central,True,4.613387039389479
2024-04-26,29665.80599622243,141,49,Food,East,False,4.969716805524952
2024-04-27,80692.22040273997,403,54,Clothing,Central,False,4.5084965193641615
2024-04-28,75678.82963688624,371,71,Books,South,False,3.7863904020558445
2024-04-29,66940.24714325198,337,67,Clothing,West,False,4.181275667989276
2024-04-30,50396.41667505702,264,76,Clothing,West,False,4.322028508494641
2024-05-01,112685.34623767296,496,65,Electronics,South,False,3.156911632634248
2024-05-02,59127.14012763554,391,49,Home,South,True,4.088993918207731
2024-05-03,20984.42701205227,100,49,Books,East,False,4.418641656945219
2024-05-04,41723.26861592407,202,86,Clothing,West,False,3.3346426080021208
2024-05-05,52080.208256224374,235,42,Electronics,West,False,4.5612634348511145
2024-05-06,23509.128885506056,112,15,Food,East,False,4.1675455610282235
2024-05-07,55610.491984636974,239,97,Books,North,False,4.9044435713951895
2024-05-08,42787.90142541408,174,28,Clothing,East,True,3.0848445964137836
2024-05-09,36666.23271785302,199,89,Home,Central,False,3.530652275110934
2024-05-10,62702.84068398853,363,49,Electronics,West,False,4.203107758599648
2024-05-11,20582.486427899166,107,68,Clothing,South,False,3.593119824411861
2024-05-12,69908.04800420089,391,68,Home,Central,False,4.428848328142484
2024-05-13,74869.23931560396,354,57,Clothing,West,False,4.518010565043862
2024-05-14,55231.4201625039,229,50,Books,East,False,3.205031928132949
